{
  "method": "ACTM + selective Smart Notes + note utility + bounded utility-weighted FedAvg",
  "split": {
    "train": 7494,
    "validation": 1729,
    "test": 2308,
    "seed": 42,
    "manifest_version": 2
  },
  "actm": {
    "entropy_threshold": 0.65,
    "margin_threshold": 0.15,
    "prompt_budget": 0.3
  },
  "note_strategy": "selective",
  "fusion_mode": "semantic_anchor",
  "utility_weights": [
    0.5,
    0.3,
    0.2
  ],
  "utility_weighting_enabled": true,
  "utility_multiplier_bounds": [
    0.75,
    1.25
  ],
  "minimum_notes_for_weighting": 1,
  "cross_account_proxy": {
    "merchant": "location",
    "account": "payment_mode"
  },
  "rounds": 10,
  "local_epochs": 3,
  "training_seed": 52,
  "class_weighted_loss": true,
  "class_weights": [
    1.658575177192688,
    0.7190551161766052,
    0.5459905862808228,
    0.21664690971374512,
    1.5155946016311646,
    1.168165922164917,
    1.5489777326583862,
    1.007501244544983,
    0.27005985379219055,
    1.605561375617981,
    1.9109671115875244,
    0.3678011894226074,
    0.4651030898094177
  ],
  "best_validation_macro_f1": 0.05884763719411813,
  "final_test_metrics": {
    "accuracy": 0.11785095320623917,
    "macro_precision": 0.09186248726241451,
    "macro_recall": 0.11079354573981659,
    "macro_f1": 0.04968255089157633,
    "weighted_precision": 0.11683899880469524,
    "weighted_recall": 0.11785095320623917,
    "weighted_f1": 0.047180116093468255,
    "ece": 0.0280203028506175,
    "brier_score": 0.9134303730342189,
    "calibration_available": true
  }
}