variant,accuracy_delta_vs_full,macro_precision_delta_vs_full,macro_recall_delta_vs_full,macro_f1_delta_vs_full,weighted_precision_delta_vs_full,weighted_recall_delta_vs_full,weighted_f1_delta_vs_full,ece_delta_vs_full,brier_score_delta_vs_full
full,0.0,0.0,0.0,0.0,0.0,0.0,0.0,0.0,0.0
without_actm,-0.0033217793183130395,0.0005293033023849314,0.00029822494495580776,-0.000550900708607957,0.0013897820908120584,-0.0033217793183130395,-0.0021214413609266097,0.0008330843365653567,0.0018424354703774348
without_notes,-0.0011554015020219244,0.0007873152450008289,0.0008923368291686024,0.0006340950945344023,0.0002773794558613707,-0.0011554015020219244,-0.000764027862493008,-0.001100499665010607,-7.025012950245824e-07
simple_concatenation,-0.0007221259387636958,-1.6303902769632117e-05,-0.0008915296063947836,-0.00017774989479080183,-0.0001152898286194276,-0.0007221259387636958,-3.513193992830954e-05,-0.0008103683567216163,6.428676178504844e-06
without_uncertainty_utility,-0.0001444251877527336,-1.9409412154600125e-05,-5.1282051282020014e-05,-2.815853999076079e-05,-5.241923783073921e-05,-0.0001444251877527336,-7.698392585343827e-05,-0.00014361082121580604,2.1903437885661958e-07
without_specificity_utility,-0.0001444251877527336,-1.9409412154600125e-05,-5.1282051282020014e-05,-2.815853999076079e-05,-5.241923783073921e-05,-0.0001444251877527336,-7.698392585343827e-05,-0.00014437798782968025,-2.754484810241209e-07
without_utility_weighting,0.0,0.0,0.0,0.0,0.0,0.0,0.0,7.001845599707845e-07,2.7941531521857854e-07
