model,ambiguous_count,accuracy,macro_precision,macro_recall,macro_f1,weighted_f1,ece,brier_score
Proposed,2308,0.19670710571923744,0.029377166776901328,0.0755434490696336,0.04228614830278135,0.10973815495775449,0.08034810283103477,0.8985780095696434
