{
  "method": "ACTM + selective Smart Notes + note utility + bounded utility-weighted FedAvg",
  "split": {
    "train": 7494,
    "validation": 1730,
    "test": 2307,
    "seed": 42
  },
  "actm": {
    "entropy_threshold": 0.65,
    "margin_threshold": 0.15,
    "prompt_budget": 0.3
  },
  "utility_weights": [
    0.5,
    0.3,
    0.2
  ],
  "utility_multiplier_bounds": [
    0.75,
    1.25
  ],
  "minimum_notes_for_weighting": 1,
  "cross_account_proxy": {
    "merchant": "location",
    "account": "payment_mode"
  },
  "rounds": 10,
  "local_epochs": 3,
  "best_validation_macro_f1": 0.006241411923491841,
  "final_test_metrics": {
    "accuracy": 0.035977459904638055,
    "macro_precision": 0.009924950732235321,
    "macro_recall": 0.022636278014838734,
    "macro_f1": 0.006025839685425656,
    "weighted_f1": 0.009479683853083141,
    "ece": 0.008886696231451753,
    "brier_score": 0.9764211902154725
  }
}