comparison,metric,label_a,label_b,paired_seeds,mean_a,mean_b,mean_difference_a_minus_b,difference_sd,ci95_lower,ci95_upper,paired_effect_dz,wins_a,ties,exact_sign_flip_p
fedavg: class_weighted vs standard,macro_f1,fedavg_class_weighted,fedavg_standard,3,0.062317507218525026,0.04271586942988023,0.019601637788644797,0.020398560446140204,-0.03107119548103072,0.07027447105832031,0.9609324069902099,2,0,0.5
fedprox: class_weighted vs standard,macro_f1,fedprox_class_weighted,fedprox_standard,3,0.06486457027953828,0.042363010935113195,0.022501559344425066,0.0190561116434093,-0.024836446228292532,0.06983956491714266,1.1808053901808138,3,0,0.25
proposed: class_weighted vs standard,macro_f1,proposed_class_weighted,proposed_standard,3,0.06609038846166267,0.043183288277838495,0.022907100183824164,0.01700466666841222,-0.019334833562922475,0.06514903393057081,1.347106687270517,3,0,0.25
standard: proposed vs fedavg,macro_f1,proposed_standard,fedavg_standard,3,0.043183288277838495,0.04271586942988023,0.00046741884795826566,0.0015189292819247169,-0.0033058106627527725,0.004240648358669304,0.30772917048907905,2,0,0.75
standard: proposed vs fedprox,macro_f1,proposed_standard,fedprox_standard,3,0.043183288277838495,0.042363010935113195,0.0008202773427253007,0.001049199419651203,-0.0017860785027768128,0.0034266331882274142,0.7818126157542049,2,0,0.5
class_weighted: proposed vs fedavg,macro_f1,proposed_class_weighted,fedavg_class_weighted,3,0.06609038846166267,0.062317507218525026,0.003772881243137634,0.007888318636025961,-0.015822788562917384,0.02336855104919265,0.4782871252064896,2,0,0.75
class_weighted: proposed vs fedprox,macro_f1,proposed_class_weighted,fedprox_class_weighted,3,0.06609038846166267,0.06486457027953828,0.0012258181821243955,0.005332952586882236,-0.012021970453926245,0.014473606818175036,0.22985731865301215,1,0,1.0
