run,transactions,eligible,eligible_rate,prompts,notes_used,prompts_per_100,prompt_precision,note_acceptance_rate,mean_uncertainty_reduction,ambiguous_accuracy,ambiguous_accuracy_delta_vs_overall,ambiguous_macro_f1,ambiguous_macro_f1_delta_vs_overall,ambiguous_weighted_f1,ambiguous_weighted_f1_delta_vs_overall,ambiguous_ece,ambiguous_ece_delta_vs_overall,ambiguous_brier_score,ambiguous_brier_score_delta_vs_overall
seed_42/full,2308,2308,1.0,693,577,30.025996533795496,0.86002886002886,0.8326118326118326,0.0005836528143845,0.199740034662045,0.0,0.0433416328691874,0.0,0.1121362111007563,0.0,0.0835094059844932,0.0,0.8985420761026758,0.0
seed_52/full,2308,2308,1.0,693,584,30.025996533795496,0.8398268398268398,0.8427128427128427,9.257825877284632e-05,0.1702772963604852,0.0,0.0373283108538521,0.0,0.0889351496408969,0.0,0.0792982378713076,0.0,0.9150368087913908,0.0
seed_62/full,2308,2308,1.0,693,575,30.025996533795496,0.8441558441558441,0.8297258297258298,0.0001503849052824,0.181109185441941,0.0,0.048879921110476,0.0,0.0842842035643626,0.0,0.0914056851581849,0.0,0.915512172035014,0.0
