{
  "method": "ACTM + selective Smart Notes + note utility + bounded utility-weighted FedAvg",
  "split": {
    "train": 7494,
    "validation": 1729,
    "test": 2308,
    "seed": 42,
    "manifest_version": 2
  },
  "actm": {
    "entropy_threshold": 0.65,
    "margin_threshold": 0.15,
    "prompt_budget": 0.3
  },
  "note_strategy": "selective",
  "fusion_mode": "semantic_anchor",
  "utility_weights": [
    0.7142857142857143,
    0.0,
    0.2857142857142857
  ],
  "utility_weighting_enabled": true,
  "utility_multiplier_bounds": [
    0.75,
    1.25
  ],
  "minimum_notes_for_weighting": 1,
  "cross_account_proxy": {
    "merchant": "location",
    "account": "payment_mode"
  },
  "rounds": 10,
  "local_epochs": 3,
  "training_seed": 42,
  "best_validation_macro_f1": 0.04470554346348351,
  "final_test_metrics": {
    "accuracy": 0.19930675909878684,
    "macro_precision": 0.030071378293728242,
    "macro_recall": 0.07703625551505852,
    "macro_f1": 0.04325715724921518,
    "weighted_precision": 0.0777915538464708,
    "weighted_recall": 0.19930675909878684,
    "weighted_f1": 0.11190525932319607,
    "ece": 0.08307615249535551,
    "brier_score": 0.8985417506302616,
    "calibration_available": true
  }
}