{
  "baseline": "FedAvg",
  "aggregation": "sample-weighted FedAvg",
  "fedprox_mu": 0.0,
  "train": 7494,
  "validation": 1729,
  "test": 2308,
  "classes": 13,
  "clients": 150,
  "rounds": 10,
  "local_epochs": 3,
  "training_seed": 52,
  "class_weighted_loss": true,
  "class_weights": [
    1.658575177192688,
    0.7190551161766052,
    0.5459905862808228,
    0.21664690971374512,
    1.5155946016311646,
    1.168165922164917,
    1.5489777326583862,
    1.007501244544983,
    0.27005985379219055,
    1.605561375617981,
    1.9109671115875244,
    0.3678011894226074,
    0.4651030898094177
  ],
  "split_manifest_version": 2,
  "best_validation_macro_f1": 0.053594240188532635,
  "test_metrics": {
    "accuracy": 0.10961871750433276,
    "macro_precision": 0.10369178301233187,
    "macro_recall": 0.09213827724646549,
    "macro_f1": 0.0369889940029055,
    "weighted_precision": 0.13110729959243028,
    "weighted_recall": 0.10961871750433276,
    "weighted_f1": 0.039009201805528505,
    "ece": 0.020316675150415103,
    "brier_score": 0.915429745223262,
    "calibration_available": true
  }
}