bin_lower,bin_upper,count,mean_confidence,accuracy
0.0,0.1,2265,0.0897196978560873,0.1845474613686534
0.1,0.2,43,0.10645466609749683,0.16279069767441862
0.2,0.30000000000000004,0,,
0.30000000000000004,0.4,0,,
0.4,0.5,0,,
0.5,0.6000000000000001,0,,
0.6000000000000001,0.7000000000000001,0,,
0.7000000000000001,0.8,0,,
0.8,0.9,0,,
0.9,1.0,0,,
