{
  "method": "ACTM + selective Smart Notes + note utility + bounded utility-weighted FedAvg",
  "split": {
    "train": 7494,
    "validation": 1729,
    "test": 2308,
    "seed": 42,
    "manifest_version": 2
  },
  "actm": {
    "entropy_threshold": 0.65,
    "margin_threshold": 0.15,
    "prompt_budget": 0.3
  },
  "utility_weights": [
    0.5,
    0.3,
    0.2
  ],
  "utility_multiplier_bounds": [
    0.75,
    1.25
  ],
  "minimum_notes_for_weighting": 1,
  "cross_account_proxy": {
    "merchant": "location",
    "account": "payment_mode"
  },
  "rounds": 10,
  "local_epochs": 3,
  "training_seed": 62,
  "best_validation_macro_f1": 0.05286334891121843,
  "final_test_metrics": {
    "accuracy": 0.18370883882149047,
    "macro_precision": 0.045304300736281174,
    "macro_recall": 0.09391121098353018,
    "macro_f1": 0.04998470590071321,
    "weighted_precision": 0.08261002716163493,
    "weighted_recall": 0.18370883882149047,
    "weighted_f1": 0.08818436705903202,
    "ece": 0.09393354786149961,
    "brier_score": 0.9154850415574708,
    "calibration_available": true
  }
}