{
  "baseline": "FedAvg",
  "aggregation": "sample-weighted FedAvg",
  "fedprox_mu": 0.0,
  "train": 7494,
  "validation": 1729,
  "test": 2308,
  "classes": 13,
  "clients": 150,
  "rounds": 10,
  "local_epochs": 3,
  "training_seed": 42,
  "class_weighted_loss": true,
  "class_weights": [
    1.658575177192688,
    0.7190551161766052,
    0.5459905862808228,
    0.21664690971374512,
    1.5155946016311646,
    1.168165922164917,
    1.5489777326583862,
    1.007501244544983,
    0.27005985379219055,
    1.605561375617981,
    1.9109671115875244,
    0.3678011894226074,
    0.4651030898094177
  ],
  "split_manifest_version": 2,
  "best_validation_macro_f1": 0.05586572879640616,
  "test_metrics": {
    "accuracy": 0.15121317157712305,
    "macro_precision": 0.053418313314400646,
    "macro_recall": 0.1073512216319484,
    "macro_f1": 0.05946686727140642,
    "weighted_precision": 0.08521303904424453,
    "weighted_recall": 0.15121317157712305,
    "weighted_f1": 0.08196731119547061,
    "ece": 0.05834292556502998,
    "brier_score": 0.9108704279959506,
    "calibration_available": true
  }
}